[{
    "question": "Which company had the biggest participation in creating Angular?",
    "level": "0",
    "options": [{
        "answer": "Microsoft",
        "isCorrect": false
      },
      {
        "answer": "Yahoo",
        "isCorrect": false
      },
      {
        "answer": "Google",
        "isCorrect": true
      },
      {
        "answer": "Facebook",
        "isCorrect": false
      }
    ]
  },
  {
    "question": "What is Angular?",
    "level": "0",
    "options": [{
        "answer": "A JS library",
        "isCorrect": false
      },
      {
        "answer": "A programing language",
        "isCorrect": false
      },
      {
        "answer": "A framework",
        "isCorrect": true
      },
      {
        "answer": "A magical stone",
        "isCorrect": false
      }
    ]
  }

]